{"cameraMode":{"drawMode":0,"name":"Shaded","section":"Shading Mode"},"sceneLighting":true,"audioPlay":false,"sceneViewState":{"m_AlwaysRefresh":false,"showFog":true,"showSkybox":true,"showFlares":true,"showImageEffects":true,"showParticleSystems":true,"showVisualEffectGraphs":true,"m_FxEnabled":true},"in2DMode":false,"pivot":{"x":-1.0580167770385743,"y":-0.33790040016174319,"z":0.1403200626373291},"rotation":{"x":-0.1101168766617775,"y":0.8898827433586121,"z":-0.31409329175949099,"w":-0.3119829297065735},"size":2.611140489578247,"orthographic":false}