{"cameraMode":{"drawMode":0,"name":"Shaded","section":"Shading Mode"},"sceneLighting":true,"audioPlay":false,"sceneViewState":{"m_AlwaysRefresh":false,"showFog":true,"showSkybox":true,"showFlares":true,"showImageEffects":true,"showParticleSystems":true,"showVisualEffectGraphs":true,"m_FxEnabled":true},"in2DMode":false,"pivot":{"x":-1.4053587913513184,"y":-0.4148440361022949,"z":0.49742555618286135},"rotation":{"x":-0.1101168766617775,"y":0.8898827433586121,"z":-0.31409329175949099,"w":-0.3119829297065735},"size":5.758298873901367,"orthographic":false}