{"cameraMode":{"drawMode":0,"name":"Shaded","section":"Shading Mode"},"sceneLighting":false,"audioPlay":false,"sceneViewState":{"m_AlwaysRefresh":false,"showFog":false,"showSkybox":false,"showFlares":false,"showImageEffects":false,"showParticleSystems":false,"showVisualEffectGraphs":true,"m_FxEnabled":true},"in2DMode":false,"pivot":{"x":-0.010990619659423828,"y":0.9223291873931885,"z":0.1417309045791626},"rotation":{"x":0.008471183478832245,"y":-0.9825990200042725,"z":0.17971505224704743,"w":0.04632587358355522},"size":1.473168969154358,"orthographic":false}