{"cameraMode":{"drawMode":0,"name":"Shaded","section":"Shading Mode"},"sceneLighting":true,"audioPlay":false,"sceneViewState":{"m_AlwaysRefresh":false,"showFog":true,"showSkybox":true,"showFlares":true,"showImageEffects":true,"showParticleSystems":true,"showVisualEffectGraphs":true,"m_FxEnabled":true},"in2DMode":false,"pivot":{"x":-2.016606330871582,"y":0.6956353187561035,"z":0.14458811283111573},"rotation":{"x":0.008471183478832245,"y":-0.9825990200042725,"z":0.17971505224704743,"w":0.04632587358355522},"size":1.6062841415405274,"orthographic":false}